{
    "rmse": 0.6496449714041198,
    "mae": 0.5196166172395972,
    "r2": 0.2644127472052471
}